{
  "id": "6000",
  "username": "6000",
  "container": "6000",
  "file": "6000",
  "fk": "6000",
  "companyId": "6000",
  "templateId": "6000",
  "eventId": "6000",
  "applicationId": "6000",
  "inviteId": "6000",
  "taskId": "6000",
  "profileId": "6000",
  "jobId": "6000",
  "institutionId": "6000",
  "batchName": "6000",
  "qualificationId": "6000",
  "experienceId": "6000",
  "certificationId": "6000",
  "personSkillId": "6000",
  "personMobId": "6000",
  "projectId": "6000",
  "appId": "6000",
  "isApproval?": "6000",
  "studentProfileId": "6000",
  "personLangId": "6000",
  "studentCityId": "6000",
  "studIndustryPrefId": "6000",
  "studentPreferenceId": "6000",
  "studJobFunId": "6000",
  "stuLearnId": "6000",
  "studCtypePrefId": "6000",
  "studentskillId": "6000",
  "industryPreferenceId": "6000",
  "jobQuestionId": "6000",
  "jobQuestionMapId": "6000",
  "jobInfoId": "6000",
  "workflowId": "6000",
  "appStageId": "6000",
  "userMapId": "6000",
  "offerId": "6000",
  "slotId": "6000",
  "employeeId": "6000",
  "userId": "6000",
  "uen": "6000",
  "assessmentId": "6000",
  "countryId": "6000",
  "answerId": "6000",
  "questionbankId": "6000",
  "nameId": "6000",
  "skillId": "6000",
  "jobcompanyId": "6000",
  "officeId": "6000",
  "subscriptionId": "6000",
  "interviewId": "6000",
  "videoInterviewId": "6000",
  "questionId": "6000",
  "videointerviewResponseId": "6000",
  "refId": "6000",
  "sharinghash": "6000",
  "loginInfoId": "6000",
  "email": "6000",
  "currentUserId": "6000",
  "hobbyId": "6000",
  "personHobbyId": "6000",
  "personActId": "6000",
  "activityId": "6000",
  "workflowDocumentId": "6000",
  "workflowDocumentTypeId": "6000",
  "noteId": "6000",
  "offerDocumentId": "6000",
  "docId": "6000",
  "profileViewId": "6000",
  "jobQuestionBankId": "6000",
  "facultyId": "6000",
  "courseId": "6000",
  "cityId": "6000",
  "scoringStudentId": "6000",
  "languageId": "6000",
  "personDocId": "6000",
  "sendingGroupId": "6000",
  "rUserId": "6000",
  "jobSelfSourceId": "6000",
  "studentId": "6000",
  "organizationId": "6000",
  "grantId": "6000",
  "courseDefaultSkillId": "6000",
  "companyUen": "6000",
  "placementLetterId": "6000",
  "approvalId": "6000",
  "loStudentId": "6000",
  "videointerviewgroupId": "6000",
  "groupId": "6000",
  "videointerviewId": "6000",
  "collaboratorId": "6000",
  "sharingUrl": "6000",
  "criteriaId": "6000",
  "videointerviewgroupcriteriamappingId": "6000",
  "videointerviewresponseId": "6000",
  "videointerviewCollabFeedbackId": "6000",
  "videointerviewGroupId": "6000",
  "codingInterviewGroupId": "6000",
  "hybridQuestionCategoryId": "6000",
  "questionDocId": "6000"
}